CompanyName;UserProductDescription;SellPrice;CardCode;Language;HsDomainsDataID
cyber DIEU EST IMMUABLE ( BE KPOTA );START;500;XT4R;en;568
cyber DIEU EST IMMUABLE ( BE KPOTA );START;500;TD13;en;568
cyber DIEU EST IMMUABLE ( BE KPOTA );START;500;JR3J;en;568
cyber DIEU EST IMMUABLE ( BE KPOTA );START;500;GL94;en;568
cyber DIEU EST IMMUABLE ( BE KPOTA );START;500;Y1YY;en;568
cyber DIEU EST IMMUABLE ( BE KPOTA );START;500;HMW4;en;568
cyber DIEU EST IMMUABLE ( BE KPOTA );START;500;GNPT;en;568
cyber DIEU EST IMMUABLE ( BE KPOTA );START;500;BQ4Y;en;568
cyber DIEU EST IMMUABLE ( BE KPOTA );START;500;5Y9N;en;568
cyber DIEU EST IMMUABLE ( BE KPOTA );START;500;11D6;en;568
cyber DIEU EST IMMUABLE ( BE KPOTA );START;500;D4BJ;en;568
cyber DIEU EST IMMUABLE ( BE KPOTA );START;500;B99Z;en;568
cyber DIEU EST IMMUABLE ( BE KPOTA );START;500;1YM5;en;568
cyber DIEU EST IMMUABLE ( BE KPOTA );START;500;54Y8;en;568
cyber DIEU EST IMMUABLE ( BE KPOTA );START;500;D7RG;en;568